Period,Regime,N,GFS MAE (mm),ECMWF MAE (mm),50/50 MAE (mm),Adaptive M7 MAE (mm)
June 2024,Dry (<0.1mm),10465,3.4369,4.4433,3.9401,3.9258
June 2024,Light (0.1-5mm),6875,5.5039,6.3703,5.6342,5.6967
June 2024,Moderate (5-15mm),3555,8.5386,7.3808,6.7368,6.782
June 2024,Heavy (>=15mm),2835,22.1535,19.6486,19.1823,19.026
July 2024,Dry (<0.1mm),7599,2.3613,3.7499,3.0556,3.0713
July 2024,Light (0.1-5mm),7946,5.3408,6.779,5.8146,5.9705
July 2024,Moderate (5-15mm),4671,9.073,8.7197,7.894,8.0417
July 2024,Heavy (>=15mm),4305,22.138,21.2775,19.617,19.6368
August 2024,Dry (<0.1mm),9060,3.2866,4.9573,4.122,4.2191
August 2024,Light (0.1-5mm),7803,5.5545,6.4449,5.7851,5.8975
August 2024,Moderate (5-15mm),3876,7.102,7.3699,6.2656,6.4245
August 2024,Heavy (>=15mm),3782,22.7137,20.5618,20.3881,20.1862
Full Season (Jun-Aug),Dry (<0.1mm),27124,3.0854,4.4207,3.7531,3.7844
Full Season (Jun-Aug),Light (0.1-5mm),22624,5.4641,6.5396,5.7496,5.8621
Full Season (Jun-Aug),Moderate (5-15mm),12102,8.2847,7.8941,7.0325,7.1537
Full Season (Jun-Aug),Heavy (>=15mm),10922,22.3414,20.6069,19.7712,19.6685
