forecast_date,forecast_init_utc,verification_date,historical_cutoff_date,latest_imd_obs_used,lookback_window_days,window_gfs_mae,window_ecmwf_mae,m6_w_gfs,m6_w_ecmwf,m7_mean_w_gfs,m7_mean_w_ecmwf,m7_min_w_gfs,m7_max_w_gfs,mean_fused_precipitation_mm
2024-06-01,2024-06-01T00:00:00,2024-06-02,2024-05-31,2024-05-31,5,0.8934,0.733,0.4507,0.5493,0.4422,0.5578,0.3007,0.6007,7.0786
2024-06-02,2024-06-02T00:00:00,2024-06-03,2024-06-01,2024-06-01,5,0.9945,0.7039,0.4144,0.5856,0.3178,0.6822,0.2644,0.5144,12.0959
2024-06-03,2024-06-03T00:00:00,2024-06-04,2024-06-02,2024-06-02,5,2.3906,2.0126,0.4571,0.5429,0.4985,0.5015,0.3071,0.6071,3.8165
2024-06-04,2024-06-04T00:00:00,2024-06-05,2024-06-03,2024-06-03,5,5.8918,5.2955,0.4733,0.5267,0.3989,0.6011,0.3233,0.6233,9.2573
2024-06-05,2024-06-05T00:00:00,2024-06-06,2024-06-04,2024-06-04,5,6.5159,5.9604,0.4777,0.5223,0.4034,0.5966,0.3277,0.6277,10.6141
2024-06-06,2024-06-06T00:00:00,2024-06-07,2024-06-05,2024-06-05,5,7.6478,7.852,0.5066,0.4934,0.4464,0.5536,0.3566,0.6566,9.6985
2024-06-07,2024-06-07T00:00:00,2024-06-08,2024-06-06,2024-06-06,5,9.4299,9.6835,0.5066,0.4934,0.4725,0.5275,0.3566,0.6566,6.6148
2024-06-08,2024-06-08T00:00:00,2024-06-09,2024-06-07,2024-06-07,5,9.9972,10.3219,0.508,0.492,0.517,0.483,0.358,0.658,4.7827
2024-06-09,2024-06-09T00:00:00,2024-06-10,2024-06-08,2024-06-08,5,8.0161,8.0953,0.5025,0.4975,0.5447,0.4553,0.3525,0.6525,4.1094
2024-06-10,2024-06-10T00:00:00,2024-06-11,2024-06-09,2024-06-09,5,8.1267,8.4205,0.5089,0.4911,0.5336,0.4664,0.3589,0.6589,7.2439
2024-06-11,2024-06-11T00:00:00,2024-06-12,2024-06-10,2024-06-10,5,7.3928,7.296,0.4967,0.5033,0.5158,0.4842,0.3467,0.6467,5.8316
2024-06-12,2024-06-12T00:00:00,2024-06-13,2024-06-11,2024-06-11,5,6.6844,6.5026,0.4931,0.5069,0.493,0.507,0.3431,0.6431,5.181
2024-06-13,2024-06-13T00:00:00,2024-06-14,2024-06-12,2024-06-12,5,5.861,5.8667,0.5002,0.4998,0.4893,0.5107,0.3502,0.6002,5.6372
2024-06-14,2024-06-14T00:00:00,2024-06-15,2024-06-13,2024-06-13,5,6.1196,5.547,0.4755,0.5245,0.4908,0.5092,0.3255,0.6255,5.3972
2024-06-15,2024-06-15T00:00:00,2024-06-16,2024-06-14,2024-06-14,5,6.5036,5.6755,0.466,0.534,0.5079,0.4921,0.316,0.616,4.0765
2024-06-16,2024-06-16T00:00:00,2024-06-17,2024-06-15,2024-06-15,5,6.9522,5.9307,0.4604,0.5396,0.4784,0.5216,0.3104,0.6104,4.1311
2024-06-17,2024-06-17T00:00:00,2024-06-18,2024-06-16,2024-06-16,5,6.2075,5.262,0.4588,0.5412,0.4597,0.5403,0.3088,0.6088,5.3423
2024-06-18,2024-06-18T00:00:00,2024-06-19,2024-06-17,2024-06-17,5,5.9564,5.1192,0.4622,0.5378,0.453,0.547,0.3122,0.6122,5.6503
2024-06-19,2024-06-19T00:00:00,2024-06-20,2024-06-18,2024-06-18,5,6.2425,5.7721,0.4804,0.5196,0.4749,0.5251,0.3304,0.6304,5.5999
2024-06-20,2024-06-20T00:00:00,2024-06-21,2024-06-19,2024-06-19,5,6.2374,5.9968,0.4902,0.5098,0.5057,0.4943,0.3402,0.6402,5.5679
2024-06-21,2024-06-21T00:00:00,2024-06-22,2024-06-20,2024-06-20,5,6.0168,6.1275,0.5046,0.4954,0.5001,0.4999,0.3546,0.6546,6.8602
2024-06-22,2024-06-22T00:00:00,2024-06-23,2024-06-21,2024-06-21,5,6.0847,6.4848,0.5159,0.4841,0.5133,0.4867,0.3659,0.6659,6.3931
2024-06-23,2024-06-23T00:00:00,2024-06-24,2024-06-22,2024-06-22,5,6.5256,6.5968,0.5027,0.4973,0.4986,0.5014,0.3527,0.6527,5.6194
2024-06-24,2024-06-24T00:00:00,2024-06-25,2024-06-23,2024-06-23,5,5.839,6.6972,0.5342,0.4658,0.5797,0.4203,0.3842,0.6842,3.2216
2024-06-25,2024-06-25T00:00:00,2024-06-26,2024-06-24,2024-06-24,5,5.7062,6.5828,0.5357,0.4643,0.5295,0.4705,0.3857,0.6357,5.889
2024-06-26,2024-06-26T00:00:00,2024-06-27,2024-06-25,2024-06-25,5,5.1517,6.241,0.5478,0.4522,0.4724,0.5276,0.3978,0.6978,12.1471
2024-06-27,2024-06-27T00:00:00,2024-06-28,2024-06-26,2024-06-26,5,5.0403,6.4738,0.5622,0.4378,0.5055,0.4945,0.4122,0.7122,11.896
2024-06-28,2024-06-28T00:00:00,2024-06-29,2024-06-27,2024-06-27,5,5.3169,7.1986,0.5752,0.4248,0.5864,0.4136,0.4252,0.7252,4.3724
2024-06-29,2024-06-29T00:00:00,2024-06-30,2024-06-28,2024-06-28,5,5.6828,8.1052,0.5878,0.4122,0.5992,0.4008,0.4378,0.7378,8.2575
2024-06-30,2024-06-30T00:00:00,2024-07-01,2024-06-29,2024-06-29,5,5.3319,7.7408,0.5921,0.4079,0.5098,0.4902,0.4421,0.6921,13.1844
