Period,Model,N,MAE (mm),RMSE (mm),Mean Bias (mm),Heavy-Rain MAE (mm),99th Pct Error (mm)
June 2024,Model 1 (NOAA GFS),23730,7.0361,13.7222,0.8948,22.1535,58.2081
June 2024,Model 2 (ECMWF IFS),23730,7.2582,12.0952,1.8968,19.6486,45.2943
June 2024,Model 3 (50/50 Ensemble),23730,6.6709,11.3905,1.3958,19.1823,45.2913
June 2024,Model 7 (Combined Adaptive),23730,6.6707,11.29,1.3844,19.026,43.8111
July 2024,Model 1 (NOAA GFS),24521,8.0774,15.5325,0.9946,22.138,61.9814
July 2024,Model 2 (ECMWF IFS),24521,8.7554,16.6151,2.4774,21.2775,56.3992
July 2024,Model 3 (50/50 Ensemble),24521,7.7789,13.8905,1.736,19.617,52.5345
July 2024,Model 7 (Combined Adaptive),24521,7.8659,14.1596,1.8236,19.6368,52.8073
August 2024,Model 1 (NOAA GFS),24521,7.6077,14.8581,0.3923,22.7137,59.0359
August 2024,Model 2 (ECMWF IFS),24521,8.2188,14.2566,1.9899,20.5618,54.0609
August 2024,Model 3 (50/50 Ensemble),24521,7.4989,13.3819,1.1911,20.3881,54.3633
August 2024,Model 7 (Combined Adaptive),24521,7.5645,13.39,1.3297,20.1862,53.9081
