Period,Model,N,MAE (mm),RMSE (mm),Mean Bias (mm),Pearson Correlation,Spearman Correlation,Dry-Event MAE (<0.1mm),Light-Rain MAE (0.1-5mm),Moderate-Rain MAE (5-15mm),Heavy-Rain MAE (>=15mm),95th Pct Abs Error (mm),99th Pct Abs Error (mm)
June 2024,Model 1 (NOAA GFS),23730,7.0361,13.7222,0.8948,0.2601,0.4094,3.4369,5.5039,8.5386,22.1535,29.0764,58.2081
June 2024,Model 2 (ECMWF IFS),23730,7.2582,12.0952,1.8968,0.3093,0.3985,4.4433,6.3703,7.3808,19.6486,24.9432,45.2943
June 2024,Model 3 (50/50 Ensemble),23730,6.6709,11.3905,1.3958,0.3481,0.4556,3.9401,5.6342,6.7368,19.1823,23.7093,45.2913
June 2024,Model 4 (Best Fixed Weight),23730,6.6709,11.3905,1.3958,0.3481,0.4556,3.9401,5.6342,6.7368,19.1823,23.7093,45.2913
June 2024,Model 5 (Regime-Conditioned),23730,6.6812,11.2731,1.3967,0.3565,0.4497,3.9114,5.7535,6.8479,18.9467,23.2973,43.3066
June 2024,Model 6 (Rolling Skill W=5),23730,6.6643,11.4245,1.3588,0.343,0.4543,3.9185,5.606,6.7513,19.2572,23.6254,45.7098
June 2024,Model 7 (Combined Adaptive),23730,6.6707,11.29,1.3844,0.3518,0.4508,3.9258,5.6967,6.782,19.026,23.3244,43.8111
July 2024,Model 1 (NOAA GFS),24521,8.0774,15.5325,0.9946,0.5464,0.5839,2.3613,5.3408,9.073,22.138,31.2824,61.9814
July 2024,Model 2 (ECMWF IFS),24521,8.7554,16.6151,2.4774,0.5258,0.5726,3.7499,6.779,8.7197,21.2775,29.839,56.3992
July 2024,Model 3 (50/50 Ensemble),24521,7.7789,13.8905,1.736,0.6067,0.6239,3.0556,5.8146,7.894,19.617,27.4537,52.5345
July 2024,Model 4 (Best Fixed Weight),24521,7.7789,13.8905,1.736,0.6067,0.6239,3.0556,5.8146,7.894,19.617,27.4537,52.5345
July 2024,Model 5 (Regime-Conditioned),24521,7.9174,14.5059,1.8208,0.5883,0.6186,3.0458,6.0196,8.1304,19.7883,27.6687,52.9118
July 2024,Model 6 (Rolling Skill W=5),24521,7.7831,13.8659,1.7335,0.6069,0.6241,3.0427,5.8099,7.918,19.6463,27.684,53.0397
July 2024,Model 7 (Combined Adaptive),24521,7.8659,14.1596,1.8236,0.5986,0.6216,3.0713,5.9705,8.0417,19.6368,27.3898,52.8073
August 2024,Model 1 (NOAA GFS),24521,7.6077,14.8581,0.3923,0.5567,0.5252,3.2866,5.5545,7.102,22.7137,27.7429,59.0359
August 2024,Model 2 (ECMWF IFS),24521,8.2188,14.2566,1.9899,0.5878,0.4959,4.9573,6.4449,7.3699,20.5618,26.3062,54.0609
August 2024,Model 3 (50/50 Ensemble),24521,7.4989,13.3819,1.1911,0.6313,0.5646,4.122,5.7851,6.2656,20.3881,23.5931,54.3633
August 2024,Model 4 (Best Fixed Weight),24521,7.4989,13.3819,1.1911,0.6313,0.5646,4.122,5.7851,6.2656,20.3881,23.5931,54.3633
August 2024,Model 5 (Regime-Conditioned),24521,7.6048,13.4358,1.3911,0.6294,0.5527,4.2533,5.9399,6.5612,20.1382,24.0026,53.1714
August 2024,Model 6 (Rolling Skill W=5),24521,7.4994,13.429,1.1647,0.6284,0.565,4.0952,5.782,6.2618,20.4662,23.7906,54.2649
August 2024,Model 7 (Combined Adaptive),24521,7.5645,13.39,1.3297,0.6316,0.5579,4.2191,5.8975,6.4245,20.1862,23.646,53.9081
Full Season (Jun-Aug),Model 1 (NOAA GFS),72772,7.5796,14.7337,0.7591,0.4939,0.5081,3.0854,5.4641,8.2847,22.3414,29.6341,59.7597
Full Season (Jun-Aug),Model 2 (ECMWF IFS),72772,8.0864,14.4641,2.1238,0.5088,0.4947,4.4207,6.5396,7.8941,20.6069,27.0896,52.4344
Full Season (Jun-Aug),Model 3 (50/50 Ensemble),72772,7.3232,12.9484,1.4415,0.5711,0.5518,3.7531,5.7496,7.0325,19.7712,25.1734,50.7205
Full Season (Jun-Aug),Model 4 (Best Fixed Weight),72772,7.3232,12.9484,1.4415,0.5711,0.5518,3.7531,5.7496,7.0325,19.7712,25.1734,50.7205
Full Season (Jun-Aug),Model 5 (Regime-Conditioned),72772,7.409,13.1594,1.5377,0.563,0.5441,3.7831,5.9112,7.2511,19.691,24.9076,50.1619
Full Season (Jun-Aug),Model 6 (Rolling Skill W=5),72772,7.3227,12.9658,1.4197,0.5697,0.5516,3.7322,5.7383,7.0448,19.8292,25.3705,51.0321
Full Season (Jun-Aug),Model 7 (Combined Adaptive),72772,7.3746,13.0206,1.514,0.5684,0.5474,3.7844,5.8621,7.1537,19.6685,24.8641,50.4346
