Period,Disagreement Bin,N,Mean D (mm),GFS MAE (mm),ECMWF MAE (mm),50/50 MAE (mm),Adaptive M7 MAE (mm),50/50 RMSE (mm),95th Pct Error (mm),99th Pct Error (mm)
June 2024,Low,1233,0.0437,1.4734,1.4848,1.4791,1.4775,4.507,7.9473,21.4742
June 2024,Medium,7657,0.9189,3.4149,3.5332,3.4551,3.4422,7.3366,14.5688,31.2336
June 2024,High,14840,10.4759,9.3667,9.6599,8.7615,8.768,13.342,27.8711,49.7732
July 2024,Low,1115,0.0466,1.9893,1.9991,1.9941,1.9928,5.5121,10.7752,27.8467
July 2024,Medium,7950,0.8913,3.7734,3.9195,3.8274,3.8122,8.3892,16.3217,35.2013
July 2024,High,15456,11.7974,10.7304,11.7302,10.2287,10.3747,16.362,32.0187,61.0607
August 2024,Low,602,0.0546,3.1942,3.2002,3.1971,3.1965,7.2539,13.986,38.5678
August 2024,Medium,7779,0.9576,3.9234,4.0473,3.9676,3.9568,8.1239,14.6279,33.9967
August 2024,High,16140,9.3508,9.5481,10.4166,9.3612,9.4662,15.4366,28.3069,60.4017
Full Season (Jun-Aug),Low,2950,0.047,2.0196,2.0292,2.0244,2.0231,5.5418,10.5804,26.9885
Full Season (Jun-Aug),Medium,23386,0.9224,3.7059,3.8355,3.7521,3.7392,7.9688,15.0041,33.7361
Full Season (Jun-Aug),High,46436,10.5247,9.8836,10.612,9.4583,9.5454,15.1268,29.3333,57.3181
